{
	"tags": null,
	"position": [
		-3.288628101348877,
		-0.000047553603508276865,
		0.000020980825865990482
	],
	"rotation": [
		0,
		0,
		0
	],
	"rotationQuaternion": [
		2.0891422991553554e-7,
		-2.2537039967573946e-7,
		-0.08764151483774185,
		0.9961521029472351
	],
	"scaling": [
		0.9999998807907104,
		1,
		0.9999999403953552
	],
	"billboardMode": 0,
	"scalingDeterminant": 1,
	"infiniteDistance": false,
	"ignoreNonUniformScaling": false,
	"reIntegrateRotationIntoRotationQuaternion": false,
	"name": "char:def_r_fngIndexB",
	"id": "73ace281-933f-4ea9-9b9d-481ff5e444be",
	"state": "",
	"metadata": {
		"gltf": {
			"pointers": [
				"/nodes/100"
			]
		}
	},
	"type": "TransformNode",
	"parentId": "7cf8ea7f-136d-47b1-a010-f187e8332ade",
	"localMatrix": {
		"0": 1,
		"1": 0,
		"2": 0,
		"3": 0,
		"4": 0,
		"5": 1,
		"6": 0,
		"7": 0,
		"8": 0,
		"9": 0,
		"10": 1,
		"11": 0,
		"12": 0,
		"13": 0,
		"14": 0,
		"15": 1
	},
	"isEnabled": false
}