{
	"tags": null,
	"position": [
		6.238783836364746,
		1.8743441104888916,
		8.161397933959961
	],
	"rotation": [
		0,
		0,
		0
	],
	"rotationQuaternion": [
		7.182106998016025e-8,
		-8.32843939654918e-23,
		1.101651051198943e-15,
		1
	],
	"scaling": [
		1,
		1,
		0.9999999403953552
	],
	"billboardMode": 0,
	"scalingDeterminant": 1,
	"infiniteDistance": false,
	"ignoreNonUniformScaling": false,
	"reIntegrateRotationIntoRotationQuaternion": false,
	"name": "char:def_l_cheekUpB",
	"id": "0324b9ca-c052-455b-9960-cf1b28de8f73",
	"state": "",
	"metadata": {
		"gltf": {
			"pointers": [
				"/nodes/48"
			]
		}
	},
	"type": "TransformNode",
	"parentId": "9e80df91-9414-4f64-9346-b4574af634bf",
	"localMatrix": {
		"0": 1,
		"1": 0,
		"2": 0,
		"3": 0,
		"4": 0,
		"5": 1,
		"6": 0,
		"7": 0,
		"8": 0,
		"9": 0,
		"10": 1,
		"11": 0,
		"12": 0,
		"13": 0,
		"14": 0,
		"15": 1
	},
	"isEnabled": true
}