{
	"tags": null,
	"position": [
		-46.03846740722656,
		0.0000020480179045989644,
		0.000046595912863267586
	],
	"rotation": [
		0,
		0,
		0
	],
	"rotationQuaternion": [
		-0.000006235120054043364,
		-3.0843489184917416e-7,
		-0.1354660838842392,
		0.9907819628715515
	],
	"scaling": [
		1.0000001192092896,
		1.0000001192092896,
		1.000000238418579
	],
	"billboardMode": 0,
	"scalingDeterminant": 1,
	"infiniteDistance": false,
	"ignoreNonUniformScaling": false,
	"reIntegrateRotationIntoRotationQuaternion": false,
	"name": "char:def_r_knee",
	"id": "75832dd1-d00e-4b9c-89f5-15ad3915ca7b",
	"state": "",
	"metadata": {
		"gltf": {
			"pointers": [
				"/nodes/130"
			]
		}
	},
	"type": "TransformNode",
	"parentId": "2d3dc42b-bb54-4367-b784-9f4588727bb0",
	"localMatrix": {
		"0": 1,
		"1": 0,
		"2": 0,
		"3": 0,
		"4": 0,
		"5": 1,
		"6": 0,
		"7": 0,
		"8": 0,
		"9": 0,
		"10": 1,
		"11": 0,
		"12": 0,
		"13": 0,
		"14": 0,
		"15": 1
	},
	"isEnabled": true
}