{
	"tags": null,
	"position": [
		-5.576079368591309,
		-0.20330795645713806,
		7.17782735824585
	],
	"rotation": [
		0,
		0,
		0
	],
	"rotationQuaternion": [
		4.7607951358941136e-8,
		-5.589877840726952e-23,
		1.0889691680335332e-15,
		1
	],
	"scaling": [
		1,
		1,
		0.9999999403953552
	],
	"billboardMode": 0,
	"scalingDeterminant": 1,
	"infiniteDistance": false,
	"ignoreNonUniformScaling": false,
	"reIntegrateRotationIntoRotationQuaternion": false,
	"name": "char:def_r_cheekDwnA",
	"id": "61c72476-5629-44cb-af69-7e67f2e504ff",
	"state": "",
	"metadata": {
		"gltf": {
			"pointers": [
				"/nodes/74"
			]
		}
	},
	"type": "TransformNode",
	"parentId": "9e80df91-9414-4f64-9346-b4574af634bf",
	"localMatrix": {
		"0": 1,
		"1": 0,
		"2": 0,
		"3": 0,
		"4": 0,
		"5": 1,
		"6": 0,
		"7": 0,
		"8": 0,
		"9": 0,
		"10": 1,
		"11": 0,
		"12": 0,
		"13": 0,
		"14": 0,
		"15": 1
	},
	"isEnabled": false
}