{
	"tags": null,
	"position": [
		0,
		6.208251953125,
		6.878835678100586
	],
	"rotation": [
		0,
		0,
		0
	],
	"rotationQuaternion": [
		1.0467417155268777e-7,
		0,
		0,
		1
	],
	"scaling": [
		1,
		0.9999997019767761,
		0.9999998211860657
	],
	"billboardMode": 0,
	"scalingDeterminant": 1,
	"infiniteDistance": false,
	"ignoreNonUniformScaling": false,
	"reIntegrateRotationIntoRotationQuaternion": false,
	"name": "char:jx_c_look",
	"id": "2e6ac9f5-a3a9-42fa-a76c-17c91f8617ea",
	"state": "",
	"metadata": {
		"gltf": {
			"pointers": [
				"/nodes/89"
			]
		}
	},
	"type": "TransformNode",
	"parentId": "9e80df91-9414-4f64-9346-b4574af634bf",
	"localMatrix": {
		"0": 1,
		"1": 0,
		"2": 0,
		"3": 0,
		"4": 0,
		"5": 1,
		"6": 0,
		"7": 0,
		"8": 0,
		"9": 0,
		"10": 1,
		"11": 0,
		"12": 0,
		"13": 0,
		"14": 0,
		"15": 1
	},
	"isEnabled": false
}