{
	"tags": null,
	"position": [
		0,
		17.60804557800293,
		-1.4353724718093872
	],
	"rotation": [
		0,
		0,
		0
	],
	"rotationQuaternion": [
		0.11623325943946838,
		0,
		0,
		0.9932219386100769
	],
	"scaling": [
		1,
		1.0000001192092896,
		1
	],
	"billboardMode": 0,
	"scalingDeterminant": 1,
	"infiniteDistance": false,
	"ignoreNonUniformScaling": false,
	"reIntegrateRotationIntoRotationQuaternion": false,
	"name": "char:def_c_neckA",
	"id": "bbfe2101-8ef3-490e-b9bf-33066b5acbe8",
	"state": "",
	"metadata": {
		"gltf": {
			"pointers": [
				"/nodes/91"
			]
		}
	},
	"type": "TransformNode",
	"parentId": "2811bef2-e941-457d-b901-c26f7f2b2b81",
	"localMatrix": {
		"0": 1,
		"1": 0,
		"2": 0,
		"3": 0,
		"4": 0,
		"5": 1,
		"6": 0,
		"7": 0,
		"8": 0,
		"9": 0,
		"10": 1,
		"11": 0,
		"12": 0,
		"13": 0,
		"14": 0,
		"15": 1
	},
	"isEnabled": true
}