{
	"tags": null,
	"position": [
		-25.599273681640625,
		-0.00005054474240751006,
		0.00002347452027606778
	],
	"rotation": [
		0,
		0,
		0
	],
	"rotationQuaternion": [
		-8.100892401330384e-9,
		-0.31012335419654846,
		-5.2548202233992924e-8,
		0.9506963491439819
	],
	"scaling": [
		1,
		1.0000001192092896,
		1
	],
	"billboardMode": 0,
	"scalingDeterminant": 1,
	"infiniteDistance": false,
	"ignoreNonUniformScaling": false,
	"reIntegrateRotationIntoRotationQuaternion": false,
	"name": "char:def_r_elbow",
	"id": "4987ef89-0636-4e49-95d9-97234a032988",
	"state": "",
	"metadata": {
		"gltf": {
			"pointers": [
				"/nodes/113"
			]
		}
	},
	"type": "TransformNode",
	"parentId": "52142baa-e012-4f28-ad16-4ac8a8a215b1",
	"localMatrix": {
		"0": 1,
		"1": 0,
		"2": 0,
		"3": 0,
		"4": 0,
		"5": 1,
		"6": 0,
		"7": 0,
		"8": 0,
		"9": 0,
		"10": 1,
		"11": 0,
		"12": 0,
		"13": 0,
		"14": 0,
		"15": 1
	},
	"isEnabled": false
}