{
	"tags": null,
	"position": [
		-3.4251511096954346,
		-0.000017697768271318637,
		-0.000006914148798387032
	],
	"rotation": [
		0,
		0,
		0
	],
	"rotationQuaternion": [
		7.087084696877355e-8,
		3.016449738879601e-7,
		-0.09821765124797821,
		0.9951649904251099
	],
	"scaling": [
		1.0000001192092896,
		1,
		0.9999999403953552
	],
	"billboardMode": 0,
	"scalingDeterminant": 1,
	"infiniteDistance": false,
	"ignoreNonUniformScaling": false,
	"reIntegrateRotationIntoRotationQuaternion": false,
	"name": "char:def_r_fngRingB",
	"id": "b8bb3fd1-0ee9-4eb3-bfe1-8eea6d7b7928",
	"state": "",
	"metadata": {
		"gltf": {
			"pointers": [
				"/nodes/106"
			]
		}
	},
	"type": "TransformNode",
	"parentId": "eb38adeb-d21e-44e5-b642-e68ee60ec432",
	"localMatrix": {
		"0": 1,
		"1": 0,
		"2": 0,
		"3": 0,
		"4": 0,
		"5": 1,
		"6": 0,
		"7": 0,
		"8": 0,
		"9": 0,
		"10": 1,
		"11": 0,
		"12": 0,
		"13": 0,
		"14": 0,
		"15": 1
	},
	"isEnabled": true
}