{
	"tags": null,
	"position": [
		-1.7797256708145142,
		0.00004189416722510941,
		0.000009059906005859375
	],
	"rotation": [
		0,
		0,
		0
	],
	"rotationQuaternion": [
		-4.79235531258837e-8,
		-2.200498272486584e-8,
		-0.05957440286874771,
		0.9982239007949829
	],
	"scaling": [
		1,
		1,
		1.0000001192092896
	],
	"billboardMode": 0,
	"scalingDeterminant": 1,
	"infiniteDistance": false,
	"ignoreNonUniformScaling": false,
	"reIntegrateRotationIntoRotationQuaternion": false,
	"name": "char:def_r_fngPinkyC",
	"id": "8daa7cbf-9ecc-4ad6-b7f2-cca7b9e865a3",
	"state": "",
	"metadata": {
		"gltf": {
			"pointers": [
				"/nodes/108"
			]
		}
	},
	"type": "TransformNode",
	"parentId": "355f994e-02b6-4a1c-8462-eb0d44cccbed",
	"localMatrix": {
		"0": 1,
		"1": 0,
		"2": 0,
		"3": 0,
		"4": 0,
		"5": 1,
		"6": 0,
		"7": 0,
		"8": 0,
		"9": 0,
		"10": 1,
		"11": 0,
		"12": 0,
		"13": 0,
		"14": 0,
		"15": 1
	},
	"isEnabled": true
}