{
	"tags": null,
	"position": [
		1.1582740545272827,
		-0.6710351705551147,
		11.288928031921387
	],
	"rotation": [
		0,
		0,
		0
	],
	"rotationQuaternion": [
		2.816319799592293e-8,
		-1.3745984577187722e-22,
		4.34289462166804e-15,
		1
	],
	"scaling": [
		1,
		1,
		0.9999999403953552
	],
	"billboardMode": 0,
	"scalingDeterminant": 1,
	"infiniteDistance": false,
	"ignoreNonUniformScaling": false,
	"reIntegrateRotationIntoRotationQuaternion": false,
	"name": "char:def_l_upLipA",
	"id": "70feb3c0-5bb4-4989-b4a6-7a69295e1ae2",
	"state": "",
	"metadata": {
		"gltf": {
			"pointers": [
				"/nodes/57"
			]
		}
	},
	"type": "TransformNode",
	"parentId": "9e80df91-9414-4f64-9346-b4574af634bf",
	"localMatrix": {
		"0": 1,
		"1": 0,
		"2": 0,
		"3": 0,
		"4": 0,
		"5": 1,
		"6": 0,
		"7": 0,
		"8": 0,
		"9": 0,
		"10": 1,
		"11": 0,
		"12": 0,
		"13": 0,
		"14": 0,
		"15": 1
	},
	"isEnabled": false
}