{
	"tags": null,
	"position": [
		6.923750400543213,
		0.9090421795845032,
		4.1178460121154785
	],
	"rotation": [
		0,
		0,
		0
	],
	"rotationQuaternion": [
		6.943689356830873e-8,
		-1.2691613325551537e-25,
		1.734723475976807e-18,
		1
	],
	"scaling": [
		1,
		1,
		0.9999999403953552
	],
	"billboardMode": 0,
	"scalingDeterminant": 1,
	"infiniteDistance": false,
	"ignoreNonUniformScaling": false,
	"reIntegrateRotationIntoRotationQuaternion": false,
	"name": "char:def_l_cheekDwnB",
	"id": "437f9d4a-868b-4218-ae95-0a1c8b4bb38f",
	"state": "",
	"metadata": {
		"gltf": {
			"pointers": [
				"/nodes/55"
			]
		}
	},
	"type": "TransformNode",
	"parentId": "9e80df91-9414-4f64-9346-b4574af634bf",
	"localMatrix": {
		"0": 1,
		"1": 0,
		"2": 0,
		"3": 0,
		"4": 0,
		"5": 1,
		"6": 0,
		"7": 0,
		"8": 0,
		"9": 0,
		"10": 1,
		"11": 0,
		"12": 0,
		"13": 0,
		"14": 0,
		"15": 1
	},
	"isEnabled": false
}