{
	"tags": null,
	"position": [
		23.019227981567383,
		-0.0000026822103791346308,
		-0.0009117424488067627
	],
	"rotation": [
		0,
		0,
		0
	],
	"rotationQuaternion": [
		-2.2351741790771484e-8,
		0.0000014472752809524536,
		8.358620817716655e-8,
		1
	],
	"scaling": [
		1.000000238418579,
		1.0000001192092896,
		1.0000001192092896
	],
	"billboardMode": 0,
	"scalingDeterminant": 1,
	"infiniteDistance": false,
	"ignoreNonUniformScaling": false,
	"reIntegrateRotationIntoRotationQuaternion": false,
	"name": "char:def_l_thighMid",
	"id": "9cbcaf69-9091-4d7b-8c82-de18566a5c9f",
	"state": "",
	"metadata": {
		"gltf": {
			"pointers": [
				"/nodes/121"
			]
		}
	},
	"type": "TransformNode",
	"parentId": "2c8ccdec-de9f-4078-87b0-b6be17cd6fe6",
	"localMatrix": {
		"0": 1,
		"1": 0,
		"2": 0,
		"3": 0,
		"4": 0,
		"5": 1,
		"6": 0,
		"7": 0,
		"8": 0,
		"9": 0,
		"10": 1,
		"11": 0,
		"12": 0,
		"13": 0,
		"14": 0,
		"15": 1
	},
	"isEnabled": false
}