{
	"tags": null,
	"position": [
		5.576077938079834,
		-0.20375046133995056,
		7.177821636199951
	],
	"rotation": [
		0,
		0,
		0
	],
	"rotationQuaternion": [
		7.18210770855876e-8,
		0,
		0,
		1
	],
	"scaling": [
		1,
		1,
		0.9999999403953552
	],
	"billboardMode": 0,
	"scalingDeterminant": 1,
	"infiniteDistance": false,
	"ignoreNonUniformScaling": false,
	"reIntegrateRotationIntoRotationQuaternion": false,
	"name": "char:def_l_cheekDwnA",
	"id": "5af59fd9-7533-4d4d-b8d0-14d60d57f28a",
	"state": "",
	"metadata": {
		"gltf": {
			"pointers": [
				"/nodes/54"
			]
		}
	},
	"type": "TransformNode",
	"parentId": "9e80df91-9414-4f64-9346-b4574af634bf",
	"localMatrix": {
		"0": 1,
		"1": 0,
		"2": 0,
		"3": 0,
		"4": 0,
		"5": 1,
		"6": 0,
		"7": 0,
		"8": 0,
		"9": 0,
		"10": 1,
		"11": 0,
		"12": 0,
		"13": 0,
		"14": 0,
		"15": 1
	},
	"isEnabled": true
}