{
	"tags": null,
	"position": [
		-3.24324107170105,
		5.076545238494873,
		9.235831260681152
	],
	"rotation": [
		0,
		0,
		0
	],
	"rotationQuaternion": [
		0.2167505919933319,
		0.10051345825195312,
		-0.022442156448960304,
		0.9707794189453125
	],
	"scaling": [
		0.9999999403953552,
		0.9999999403953552,
		1
	],
	"billboardMode": 0,
	"scalingDeterminant": 1,
	"infiniteDistance": false,
	"ignoreNonUniformScaling": false,
	"reIntegrateRotationIntoRotationQuaternion": false,
	"name": "char:def_r_lowerLid1",
	"id": "13176c64-1acf-4f48-b217-5cbb7fa92dc5",
	"state": "",
	"metadata": {
		"gltf": {
			"pointers": [
				"/nodes/87"
			]
		}
	},
	"type": "TransformNode",
	"parentId": "9e80df91-9414-4f64-9346-b4574af634bf",
	"localMatrix": {
		"0": 1,
		"1": 0,
		"2": 0,
		"3": 0,
		"4": 0,
		"5": 1,
		"6": 0,
		"7": 0,
		"8": 0,
		"9": 0,
		"10": 1,
		"11": 0,
		"12": 0,
		"13": 0,
		"14": 0,
		"15": 1
	},
	"isEnabled": false
}