{
	"tags": null,
	"position": [
		2.0151138305664062,
		-0.7699275016784668,
		10.454917907714844
	],
	"rotation": [
		0,
		0,
		0
	],
	"rotationQuaternion": [
		2.339482030322415e-8,
		5.887533361839841e-23,
		-2.170074905701231e-15,
		1
	],
	"scaling": [
		1,
		1,
		0.9999999403953552
	],
	"billboardMode": 0,
	"scalingDeterminant": 1,
	"infiniteDistance": false,
	"ignoreNonUniformScaling": false,
	"reIntegrateRotationIntoRotationQuaternion": false,
	"name": "char:def_l_upLipB",
	"id": "146c6f4d-adc4-4939-a120-e5ff4b78a32c",
	"state": "",
	"metadata": {
		"gltf": {
			"pointers": [
				"/nodes/58"
			]
		}
	},
	"type": "TransformNode",
	"parentId": "9e80df91-9414-4f64-9346-b4574af634bf",
	"localMatrix": {
		"0": 1,
		"1": 0,
		"2": 0,
		"3": 0,
		"4": 0,
		"5": 1,
		"6": 0,
		"7": 0,
		"8": 0,
		"9": 0,
		"10": 1,
		"11": 0,
		"12": 0,
		"13": 0,
		"14": 0,
		"15": 1
	},
	"isEnabled": false
}