{
	"tags": null,
	"position": [
		-6.97067928314209,
		5.0496673583984375,
		7.239337921142578
	],
	"rotation": [
		0,
		0,
		0
	],
	"rotationQuaternion": [
		2.339482385593783e-8,
		0,
		0,
		1
	],
	"scaling": [
		1,
		1,
		0.9999999403953552
	],
	"billboardMode": 0,
	"scalingDeterminant": 1,
	"infiniteDistance": false,
	"ignoreNonUniformScaling": false,
	"reIntegrateRotationIntoRotationQuaternion": false,
	"name": "char:def_r_underEyeC",
	"id": "13a0d72a-8a3a-4ed1-90a4-a7f94fd66b79",
	"state": "",
	"metadata": {
		"gltf": {
			"pointers": [
				"/nodes/65"
			]
		}
	},
	"type": "TransformNode",
	"parentId": "9e80df91-9414-4f64-9346-b4574af634bf",
	"localMatrix": {
		"0": 1,
		"1": 0,
		"2": 0,
		"3": 0,
		"4": 0,
		"5": 1,
		"6": 0,
		"7": 0,
		"8": 0,
		"9": 0,
		"10": 1,
		"11": 0,
		"12": 0,
		"13": 0,
		"14": 0,
		"15": 1
	},
	"isEnabled": true
}