{
	"tags": null,
	"position": [
		-2.350435733795166,
		-0.129641592502594,
		-0.2374175488948822
	],
	"rotation": [
		0,
		0,
		0
	],
	"rotationQuaternion": [
		-0.06540310382843018,
		-3.864268194320175e-7,
		1.8460061257385973e-9,
		0.9978589415550232
	],
	"scaling": [
		1.000000238418579,
		1,
		1
	],
	"billboardMode": 0,
	"scalingDeterminant": 1,
	"infiniteDistance": false,
	"ignoreNonUniformScaling": false,
	"reIntegrateRotationIntoRotationQuaternion": false,
	"name": "char:def_r_fngCarpal",
	"id": "f88ff975-33bb-4189-a9e3-33a41bad5f03",
	"state": "",
	"metadata": {
		"gltf": {
			"pointers": [
				"/nodes/111"
			]
		}
	},
	"type": "TransformNode",
	"parentId": "4fd61609-ebff-40d8-8946-8c4bfa64bd0b",
	"localMatrix": {
		"0": 1,
		"1": 0,
		"2": 0,
		"3": 0,
		"4": 0,
		"5": 1,
		"6": 0,
		"7": 0,
		"8": 0,
		"9": 0,
		"10": 1,
		"11": 0,
		"12": 0,
		"13": 0,
		"14": 0,
		"15": 1
	},
	"isEnabled": false
}