{
	"tags": null,
	"position": [
		5.2671098709106445,
		13.456113815307617,
		-3.5692098140716553
	],
	"rotation": [
		0,
		0,
		0
	],
	"rotationQuaternion": [
		0.008805559948086739,
		0.08358754217624664,
		-0.10439479351043701,
		0.990977942943573
	],
	"scaling": [
		1,
		1.0000001192092896,
		1.0000001192092896
	],
	"billboardMode": 0,
	"scalingDeterminant": 1,
	"infiniteDistance": false,
	"ignoreNonUniformScaling": false,
	"reIntegrateRotationIntoRotationQuaternion": false,
	"name": "char:def_l_clav",
	"id": "ac672512-be52-41e3-93e2-443662a94280",
	"state": "",
	"metadata": {
		"gltf": {
			"pointers": [
				"/nodes/23"
			]
		}
	},
	"type": "TransformNode",
	"parentId": "2811bef2-e941-457d-b901-c26f7f2b2b81",
	"localMatrix": {
		"0": 1,
		"1": 0,
		"2": 0,
		"3": 0,
		"4": 0,
		"5": 1,
		"6": 0,
		"7": 0,
		"8": 0,
		"9": 0,
		"10": 1,
		"11": 0,
		"12": 0,
		"13": 0,
		"14": 0,
		"15": 1
	},
	"isEnabled": true
}