{
	"tags": null,
	"position": [
		3.6629605293273926,
		1.887397615973896e-7,
		5.96047357248608e-7
	],
	"rotation": [
		0,
		0,
		0
	],
	"rotationQuaternion": [
		-9.844858794849642e-8,
		-9.350058149948381e-8,
		-0.1119508445262909,
		0.9937137961387634
	],
	"scaling": [
		0.9999999403953552,
		0.9999999403953552,
		1.0000001192092896
	],
	"billboardMode": 0,
	"scalingDeterminant": 1,
	"infiniteDistance": false,
	"ignoreNonUniformScaling": false,
	"reIntegrateRotationIntoRotationQuaternion": false,
	"name": "char:def_l_fngMidB",
	"id": "13b37419-d1c4-425b-9e6f-39c234c116ab",
	"state": "",
	"metadata": {
		"gltf": {
			"pointers": [
				"/nodes/11"
			]
		}
	},
	"type": "TransformNode",
	"parentId": "40e0d71c-3f30-427e-a6ce-f4f9e365e119",
	"localMatrix": {
		"0": 1,
		"1": 0,
		"2": 0,
		"3": 0,
		"4": 0,
		"5": 1,
		"6": 0,
		"7": 0,
		"8": 0,
		"9": 0,
		"10": 1,
		"11": 0,
		"12": 0,
		"13": 0,
		"14": 0,
		"15": 1
	},
	"isEnabled": false
}