{
	"tags": null,
	"position": [
		-8.441689491271973,
		-0.5357000231742859,
		-0.9821233749389648
	],
	"rotation": [
		0,
		0,
		0
	],
	"rotationQuaternion": [
		0.0022407283540815115,
		0.011464823968708515,
		-0.20857320725917816,
		0.9779369831085205
	],
	"scaling": [
		1.0000001192092896,
		1.000000238418579,
		1.0000003576278687
	],
	"billboardMode": 0,
	"scalingDeterminant": 1,
	"infiniteDistance": false,
	"ignoreNonUniformScaling": false,
	"reIntegrateRotationIntoRotationQuaternion": false,
	"name": "char:def_r_fngMidA",
	"id": "6119fa3d-25e6-4db1-8ef6-06f7dbd6f2dd",
	"state": "",
	"metadata": {
		"gltf": {
			"pointers": [
				"/nodes/104"
			]
		}
	},
	"type": "TransformNode",
	"parentId": "4fd61609-ebff-40d8-8946-8c4bfa64bd0b",
	"localMatrix": {
		"0": 1,
		"1": 0,
		"2": 0,
		"3": 0,
		"4": 0,
		"5": 1,
		"6": 0,
		"7": 0,
		"8": 0,
		"9": 0,
		"10": 1,
		"11": 0,
		"12": 0,
		"13": 0,
		"14": 0,
		"15": 1
	},
	"isEnabled": false
}