{
	"tags": null,
	"position": [
		1.262701153755188,
		-3.5602099895477295,
		9.703847885131836
	],
	"rotation": [
		0,
		0,
		0
	],
	"rotationQuaternion": [
		0,
		-3.0082863521804988e-24,
		4.3255397636117465e-15,
		1
	],
	"scaling": [
		1,
		1,
		1
	],
	"billboardMode": 0,
	"scalingDeterminant": 1,
	"infiniteDistance": false,
	"ignoreNonUniformScaling": false,
	"reIntegrateRotationIntoRotationQuaternion": false,
	"name": "char:def_l_lowLipA",
	"id": "5f3e1b51-5b28-41dc-ae34-37e3d5d3527e",
	"state": "",
	"metadata": {
		"gltf": {
			"pointers": [
				"/nodes/27"
			]
		}
	},
	"type": "TransformNode",
	"parentId": "725bf0b7-69cc-4479-b3df-495b110577ee",
	"localMatrix": {
		"0": 1,
		"1": 0,
		"2": 0,
		"3": 0,
		"4": 0,
		"5": 1,
		"6": 0,
		"7": 0,
		"8": 0,
		"9": 0,
		"10": 1,
		"11": 0,
		"12": 0,
		"13": 0,
		"14": 0,
		"15": 1
	},
	"isEnabled": false
}