{
	"tags": null,
	"position": [
		2.0828566551208496,
		8.554230690002441,
		11.453628540039062
	],
	"rotation": [
		0,
		0,
		0
	],
	"rotationQuaternion": [
		2.816319799592293e-8,
		-7.197898220816705e-23,
		2.2994740114709025e-15,
		1
	],
	"scaling": [
		1,
		1,
		0.9999999403953552
	],
	"billboardMode": 0,
	"scalingDeterminant": 1,
	"infiniteDistance": false,
	"ignoreNonUniformScaling": false,
	"reIntegrateRotationIntoRotationQuaternion": false,
	"name": "char:def_l_browA",
	"id": "bee2a281-0b42-4506-a0ef-449254b6ee18",
	"state": "",
	"metadata": {
		"gltf": {
			"pointers": [
				"/nodes/37"
			]
		}
	},
	"type": "TransformNode",
	"parentId": "9e80df91-9414-4f64-9346-b4574af634bf",
	"localMatrix": {
		"0": 1,
		"1": 0,
		"2": 0,
		"3": 0,
		"4": 0,
		"5": 1,
		"6": 0,
		"7": 0,
		"8": 0,
		"9": 0,
		"10": 1,
		"11": 0,
		"12": 0,
		"13": 0,
		"14": 0,
		"15": 1
	},
	"isEnabled": false
}