{
	"tags": null,
	"position": [
		-6.045198440551758,
		0.000053167346777627245,
		0.00003528593879309483
	],
	"rotation": [
		0,
		0,
		0
	],
	"rotationQuaternion": [
		5.587936158235607e-8,
		-3.0174851417541504e-7,
		-1.6205012798309326e-7,
		1
	],
	"scaling": [
		1.0000001192092896,
		1.0000003576278687,
		1.0000003576278687
	],
	"billboardMode": 0,
	"scalingDeterminant": 1,
	"infiniteDistance": false,
	"ignoreNonUniformScaling": false,
	"reIntegrateRotationIntoRotationQuaternion": false,
	"name": "char:def_r_forearm1",
	"id": "a525b192-2f64-4cec-8a67-a007816ecc61",
	"state": "",
	"metadata": {
		"gltf": {
			"pointers": [
				"/nodes/94"
			]
		}
	},
	"type": "TransformNode",
	"parentId": "8ab22dfc-42b3-45c0-b2d6-d596e6062a31",
	"localMatrix": {
		"0": 1,
		"1": 0,
		"2": 0,
		"3": 0,
		"4": 0,
		"5": 1,
		"6": 0,
		"7": 0,
		"8": 0,
		"9": 0,
		"10": 1,
		"11": 0,
		"12": 0,
		"13": 0,
		"14": 0,
		"15": 1
	},
	"isEnabled": false
}