{
	"tags": null,
	"position": [
		11.50960636138916,
		-0.0000013709091035707388,
		-0.00042301416397094727
	],
	"rotation": [
		0,
		0,
		0
	],
	"rotationQuaternion": [
		-5.5646516727847484e-8,
		-0.0000016934353652686696,
		3.317836672067642e-7,
		1
	],
	"scaling": [
		1,
		0.9999998211860657,
		1.0000001192092896
	],
	"billboardMode": 0,
	"scalingDeterminant": 1,
	"infiniteDistance": false,
	"ignoreNonUniformScaling": false,
	"reIntegrateRotationIntoRotationQuaternion": false,
	"name": "char:def_l_thighMid1",
	"id": "d2037672-0d8c-4e7f-b256-84759ed6702b",
	"state": "",
	"metadata": {
		"gltf": {
			"pointers": [
				"/nodes/120"
			]
		}
	},
	"type": "TransformNode",
	"parentId": "9cbcaf69-9091-4d7b-8c82-de18566a5c9f",
	"localMatrix": {
		"0": 1,
		"1": 0,
		"2": 0,
		"3": 0,
		"4": 0,
		"5": 1,
		"6": 0,
		"7": 0,
		"8": 0,
		"9": 0,
		"10": 1,
		"11": 0,
		"12": 0,
		"13": 0,
		"14": 0,
		"15": 1
	},
	"isEnabled": true
}