{
	"tags": null,
	"position": [
		3.4252028465270996,
		-0.0000015968216757755727,
		-0.000002741812295425916
	],
	"rotation": [
		0,
		0,
		0
	],
	"rotationQuaternion": [
		2.0664302269324253e-8,
		8.16152194715869e-8,
		-0.0982181653380394,
		0.9951649308204651
	],
	"scaling": [
		1,
		1,
		1
	],
	"billboardMode": 0,
	"scalingDeterminant": 1,
	"infiniteDistance": false,
	"ignoreNonUniformScaling": false,
	"reIntegrateRotationIntoRotationQuaternion": false,
	"name": "char:def_l_fngRingB",
	"id": "e4a26bd9-905d-4d3c-a0e9-e9ac65b3af7b",
	"state": "",
	"metadata": {
		"gltf": {
			"pointers": [
				"/nodes/14"
			]
		}
	},
	"type": "TransformNode",
	"parentId": "653b67be-1fa4-48ea-9844-151a8a942ea4",
	"localMatrix": {
		"0": 1,
		"1": 0,
		"2": 0,
		"3": 0,
		"4": 0,
		"5": 1,
		"6": 0,
		"7": 0,
		"8": 0,
		"9": 0,
		"10": 1,
		"11": 0,
		"12": 0,
		"13": 0,
		"14": 0,
		"15": 1
	},
	"isEnabled": true
}