{
	"tags": null,
	"position": [
		-6.400210857391357,
		0.00028514862060546875,
		0.00005912780397920869
	],
	"rotation": [
		0,
		0,
		0
	],
	"rotationQuaternion": [
		-4.1909512304982854e-8,
		1.0803341865539551e-7,
		1.0523945093154907e-7,
		1
	],
	"scaling": [
		1,
		1.0000001192092896,
		1.0000001192092896
	],
	"billboardMode": 0,
	"scalingDeterminant": 1,
	"infiniteDistance": false,
	"ignoreNonUniformScaling": false,
	"reIntegrateRotationIntoRotationQuaternion": false,
	"name": "char:def_r_shoulderMid1",
	"id": "f98d3f2c-e87b-42f2-af4d-9bc2574ef0ab",
	"state": "",
	"metadata": {
		"gltf": {
			"pointers": [
				"/nodes/92"
			]
		}
	},
	"type": "TransformNode",
	"parentId": "5fb22b7c-414c-41b7-96f3-be73dadd6140",
	"localMatrix": {
		"0": 1,
		"1": 0,
		"2": 0,
		"3": 0,
		"4": 0,
		"5": 1,
		"6": 0,
		"7": 0,
		"8": 0,
		"9": 0,
		"10": 1,
		"11": 0,
		"12": 0,
		"13": 0,
		"14": 0,
		"15": 1
	},
	"isEnabled": true
}