{
	"tags": null,
	"position": [
		-23.01926040649414,
		-0.000010550033948675264,
		0.000014811746041232254
	],
	"rotation": [
		0,
		0,
		0
	],
	"rotationQuaternion": [
		-0.000003156252432745532,
		2.287561073899269e-8,
		2.483138246134331e-7,
		1
	],
	"scaling": [
		1.0000001192092896,
		1.000000238418579,
		1
	],
	"billboardMode": 0,
	"scalingDeterminant": 1,
	"infiniteDistance": false,
	"ignoreNonUniformScaling": false,
	"reIntegrateRotationIntoRotationQuaternion": false,
	"name": "char:def_r_thighMid",
	"id": "0fa17c10-965b-43f0-a154-f9adee89cdef",
	"state": "",
	"metadata": {
		"gltf": {
			"pointers": [
				"/nodes/127"
			]
		}
	},
	"type": "TransformNode",
	"parentId": "2d3dc42b-bb54-4367-b784-9f4588727bb0",
	"localMatrix": {
		"0": 1,
		"1": 0,
		"2": 0,
		"3": 0,
		"4": 0,
		"5": 1,
		"6": 0,
		"7": 0,
		"8": 0,
		"9": 0,
		"10": 1,
		"11": 0,
		"12": 0,
		"13": 0,
		"14": 0,
		"15": 1
	},
	"isEnabled": true
}