{
	"tags": null,
	"position": [
		-1.4167648553848267,
		0.8486228585243225,
		-2.2632272243499756
	],
	"rotation": [
		0,
		0,
		0
	],
	"rotationQuaternion": [
		0.5632960796356201,
		-0.4092819392681122,
		0.04017027094960213,
		0.7166394591331482
	],
	"scaling": [
		1,
		1,
		1
	],
	"billboardMode": 0,
	"scalingDeterminant": 1,
	"infiniteDistance": false,
	"ignoreNonUniformScaling": false,
	"reIntegrateRotationIntoRotationQuaternion": false,
	"name": "char:def_r_fngThumbA",
	"id": "94cb016e-6d48-42d9-956e-923eef17903c",
	"state": "",
	"metadata": {
		"gltf": {
			"pointers": [
				"/nodes/98"
			]
		}
	},
	"type": "TransformNode",
	"parentId": "4fd61609-ebff-40d8-8946-8c4bfa64bd0b",
	"localMatrix": {
		"0": 1,
		"1": 0,
		"2": 0,
		"3": 0,
		"4": 0,
		"5": 1,
		"6": 0,
		"7": 0,
		"8": 0,
		"9": 0,
		"10": 1,
		"11": 0,
		"12": 0,
		"13": 0,
		"14": 0,
		"15": 1
	},
	"isEnabled": false
}