{
	"tags": null,
	"position": [
		-0.9952219128608704,
		1.9916844367980957,
		11.142355918884277
	],
	"rotation": [
		0,
		0,
		0
	],
	"rotationQuaternion": [
		7.182106998016025e-8,
		0,
		0,
		1
	],
	"scaling": [
		1,
		1,
		0.9999999403953552
	],
	"billboardMode": 0,
	"scalingDeterminant": 1,
	"infiniteDistance": false,
	"ignoreNonUniformScaling": false,
	"reIntegrateRotationIntoRotationQuaternion": false,
	"name": "char:def_r_nostril",
	"id": "28324399-84e6-487a-b910-6581d15b486e",
	"state": "",
	"metadata": {
		"gltf": {
			"pointers": [
				"/nodes/67"
			]
		}
	},
	"type": "TransformNode",
	"parentId": "9e80df91-9414-4f64-9346-b4574af634bf",
	"localMatrix": {
		"0": 1,
		"1": 0,
		"2": 0,
		"3": 0,
		"4": 0,
		"5": 1,
		"6": 0,
		"7": 0,
		"8": 0,
		"9": 0,
		"10": 1,
		"11": 0,
		"12": 0,
		"13": 0,
		"14": 0,
		"15": 1
	},
	"isEnabled": true
}