{
	"tags": null,
	"position": [
		5.055625915527344,
		4.216553211212158,
		9.113434791564941
	],
	"rotation": [
		0,
		0,
		0
	],
	"rotationQuaternion": [
		1.1071054473177355e-7,
		1.280835081612927e-22,
		-1.1196384311085985e-15,
		1
	],
	"scaling": [
		1,
		1,
		0.9999999403953552
	],
	"billboardMode": 0,
	"scalingDeterminant": 1,
	"infiniteDistance": false,
	"ignoreNonUniformScaling": false,
	"reIntegrateRotationIntoRotationQuaternion": false,
	"name": "char:def_l_underEyeB",
	"id": "dc39263c-6525-432f-bf00-f906ffe5f037",
	"state": "",
	"metadata": {
		"gltf": {
			"pointers": [
				"/nodes/42"
			]
		}
	},
	"type": "TransformNode",
	"parentId": "9e80df91-9414-4f64-9346-b4574af634bf",
	"localMatrix": {
		"0": 1,
		"1": 0,
		"2": 0,
		"3": 0,
		"4": 0,
		"5": 1,
		"6": 0,
		"7": 0,
		"8": 0,
		"9": 0,
		"10": 1,
		"11": 0,
		"12": 0,
		"13": 0,
		"14": 0,
		"15": 1
	},
	"isEnabled": true
}