{
	"tags": null,
	"position": [
		-5.359412670135498,
		6.682197093963623,
		9.259095191955566
	],
	"rotation": [
		0,
		0,
		0
	],
	"rotationQuaternion": [
		-0.07781919836997984,
		-0.29377183318138117,
		-0.02400368638336658,
		0.9524002075195311
	],
	"scaling": [
		0.9999997615814209,
		1,
		0.9999998807907104
	],
	"billboardMode": 0,
	"scalingDeterminant": 1,
	"infiniteDistance": false,
	"ignoreNonUniformScaling": false,
	"reIntegrateRotationIntoRotationQuaternion": false,
	"name": "char:def_r_upperLid2",
	"id": "95d13ff3-00de-4637-9d2e-47d8f538c348",
	"state": "",
	"metadata": {
		"gltf": {
			"pointers": [
				"/nodes/86"
			]
		}
	},
	"type": "TransformNode",
	"parentId": "9e80df91-9414-4f64-9346-b4574af634bf",
	"localMatrix": {
		"0": 1,
		"1": 0,
		"2": 0,
		"3": 0,
		"4": 0,
		"5": 1,
		"6": 0,
		"7": 0,
		"8": 0,
		"9": 0,
		"10": 1,
		"11": 0,
		"12": 0,
		"13": 0,
		"14": 0,
		"15": 1
	},
	"isEnabled": true
}