{
	"tags": null,
	"position": [
		-5.055630207061768,
		4.216660022735596,
		9.113436698913574
	],
	"rotation": [
		0,
		0,
		0
	],
	"rotationQuaternion": [
		6.705269584017515e-8,
		-7.920243636686929e-23,
		1.119639066383309e-15,
		1
	],
	"scaling": [
		1,
		1,
		0.9999999403953552
	],
	"billboardMode": 0,
	"scalingDeterminant": 1,
	"infiniteDistance": false,
	"ignoreNonUniformScaling": false,
	"reIntegrateRotationIntoRotationQuaternion": false,
	"name": "char:def_r_underEyeB",
	"id": "77c3dff6-a647-4cee-a2a5-0ef7947e907a",
	"state": "",
	"metadata": {
		"gltf": {
			"pointers": [
				"/nodes/64"
			]
		}
	},
	"type": "TransformNode",
	"parentId": "9e80df91-9414-4f64-9346-b4574af634bf",
	"localMatrix": {
		"0": 1,
		"1": 0,
		"2": 0,
		"3": 0,
		"4": 0,
		"5": 1,
		"6": 0,
		"7": 0,
		"8": 0,
		"9": 0,
		"10": 1,
		"11": 0,
		"12": 0,
		"13": 0,
		"14": 0,
		"15": 1
	},
	"isEnabled": false
}