{
	"tags": null,
	"position": [
		-2.0151100158691406,
		-0.7703089714050293,
		10.454916000366211
	],
	"rotation": [
		0,
		0,
		0
	],
	"rotationQuaternion": [
		2.816319799592293e-8,
		-6.880179758073511e-23,
		2.170069611745311e-15,
		1
	],
	"scaling": [
		1,
		1,
		0.9999999403953552
	],
	"billboardMode": 0,
	"scalingDeterminant": 1,
	"infiniteDistance": false,
	"ignoreNonUniformScaling": false,
	"reIntegrateRotationIntoRotationQuaternion": false,
	"name": "char:def_r_upLipB",
	"id": "6d0dff59-a5d0-4fbb-9165-046c0cd31f24",
	"state": "",
	"metadata": {
		"gltf": {
			"pointers": [
				"/nodes/77"
			]
		}
	},
	"type": "TransformNode",
	"parentId": "9e80df91-9414-4f64-9346-b4574af634bf",
	"localMatrix": {
		"0": 1,
		"1": 0,
		"2": 0,
		"3": 0,
		"4": 0,
		"5": 1,
		"6": 0,
		"7": 0,
		"8": 0,
		"9": 0,
		"10": 1,
		"11": 0,
		"12": 0,
		"13": 0,
		"14": 0,
		"15": 1
	},
	"isEnabled": true
}