{
	"tags": null,
	"position": [
		-2.082859992980957,
		8.554673194885254,
		11.45362663269043
	],
	"rotation": [
		0,
		0,
		0
	],
	"rotationQuaternion": [
		2.339482385593783e-8,
		-6.205249931316862e-23,
		2.29948015245977e-15,
		1
	],
	"scaling": [
		1,
		1,
		0.9999999403953552
	],
	"billboardMode": 0,
	"scalingDeterminant": 1,
	"infiniteDistance": false,
	"ignoreNonUniformScaling": false,
	"reIntegrateRotationIntoRotationQuaternion": false,
	"name": "char:def_r_browA",
	"id": "870c89b3-dc6a-4e4c-ad54-7271dfe429ec",
	"state": "",
	"metadata": {
		"gltf": {
			"pointers": [
				"/nodes/60"
			]
		}
	},
	"type": "TransformNode",
	"parentId": "9e80df91-9414-4f64-9346-b4574af634bf",
	"localMatrix": {
		"0": 1,
		"1": 0,
		"2": 0,
		"3": 0,
		"4": 0,
		"5": 1,
		"6": 0,
		"7": 0,
		"8": 0,
		"9": 0,
		"10": 1,
		"11": 0,
		"12": 0,
		"13": 0,
		"14": 0,
		"15": 1
	},
	"isEnabled": false
}