{
	"tags": null,
	"position": [
		6.970676898956299,
		5.0495147705078125,
		7.239340782165527
	],
	"rotation": [
		0,
		0,
		0
	],
	"rotationQuaternion": [
		4.522376073623491e-8,
		-1.541894459836247e-25,
		1.734723475976807e-18,
		1
	],
	"scaling": [
		1,
		1,
		0.9999999403953552
	],
	"billboardMode": 0,
	"scalingDeterminant": 1,
	"infiniteDistance": false,
	"ignoreNonUniformScaling": false,
	"reIntegrateRotationIntoRotationQuaternion": false,
	"name": "char:def_l_underEyeC",
	"id": "4afc1dca-6b0d-493b-a8f1-700d8a93f023",
	"state": "",
	"metadata": {
		"gltf": {
			"pointers": [
				"/nodes/43"
			]
		}
	},
	"type": "TransformNode",
	"parentId": "9e80df91-9414-4f64-9346-b4574af634bf",
	"localMatrix": {
		"0": 1,
		"1": 0,
		"2": 0,
		"3": 0,
		"4": 0,
		"5": 1,
		"6": 0,
		"7": 0,
		"8": 0,
		"9": 0,
		"10": 1,
		"11": 0,
		"12": 0,
		"13": 0,
		"14": 0,
		"15": 1
	},
	"isEnabled": true
}