{
	"tags": null,
	"position": [
		2.588228940963745,
		-0.000005330058684194228,
		-0.000001788152303561219
	],
	"rotation": [
		0,
		0,
		0
	],
	"rotationQuaternion": [
		-1.5964036492732703e-7,
		-2.696192495932337e-7,
		0.012170308269560337,
		0.999925971031189
	],
	"scaling": [
		1.0000001192092896,
		0.9999997615814209,
		0.9999999403953552
	],
	"billboardMode": 0,
	"scalingDeterminant": 1,
	"infiniteDistance": false,
	"ignoreNonUniformScaling": false,
	"reIntegrateRotationIntoRotationQuaternion": false,
	"name": "char:def_l_fngIndexC",
	"id": "e9f8a6d6-4b41-4815-a236-15ea23328f92",
	"state": "",
	"metadata": {
		"gltf": {
			"pointers": [
				"/nodes/7"
			]
		}
	},
	"type": "TransformNode",
	"parentId": "234efc21-4bb5-49c9-8b0b-3ccd40a8f19e",
	"localMatrix": {
		"0": 1,
		"1": 0,
		"2": 0,
		"3": 0,
		"4": 0,
		"5": 1,
		"6": 0,
		"7": 0,
		"8": 0,
		"9": 0,
		"10": 1,
		"11": 0,
		"12": 0,
		"13": 0,
		"14": 0,
		"15": 1
	},
	"isEnabled": false
}