{
	"tags": null,
	"position": [
		-11.509624481201172,
		0.000010788443432829808,
		0.000015497207641601562
	],
	"rotation": [
		0,
		0,
		0
	],
	"rotationQuaternion": [
		2.2118914699831294e-8,
		2.4097975170889185e-8,
		-4.1630124769653776e-7,
		1
	],
	"scaling": [
		1,
		0.9999997615814209,
		0.9999999403953552
	],
	"billboardMode": 0,
	"scalingDeterminant": 1,
	"infiniteDistance": false,
	"ignoreNonUniformScaling": false,
	"reIntegrateRotationIntoRotationQuaternion": false,
	"name": "char:def_r_thighMid1",
	"id": "ffed89f1-3507-4121-9a7d-e2c96ac6ec7d",
	"state": "",
	"metadata": {
		"gltf": {
			"pointers": [
				"/nodes/126"
			]
		}
	},
	"type": "TransformNode",
	"parentId": "0fa17c10-965b-43f0-a154-f9adee89cdef",
	"localMatrix": {
		"0": 1,
		"1": 0,
		"2": 0,
		"3": 0,
		"4": 0,
		"5": 1,
		"6": 0,
		"7": 0,
		"8": 0,
		"9": 0,
		"10": 1,
		"11": 0,
		"12": 0,
		"13": 0,
		"14": 0,
		"15": 1
	},
	"isEnabled": false
}