{
	"tags": null,
	"position": [
		-24.180526733398438,
		0.00040015793638303876,
		0.0003090197569690645
	],
	"rotation": [
		0,
		0,
		0
	],
	"rotationQuaternion": [
		0.2062535285949707,
		0.1079525351524353,
		-0.0623571053147316,
		0.9705243706703186
	],
	"scaling": [
		0.9999997019767761,
		1,
		0.9999999403953552
	],
	"billboardMode": 0,
	"scalingDeterminant": 1,
	"infiniteDistance": false,
	"ignoreNonUniformScaling": false,
	"reIntegrateRotationIntoRotationQuaternion": false,
	"name": "char:def_r_wrist",
	"id": "4fd61609-ebff-40d8-8946-8c4bfa64bd0b",
	"state": "",
	"metadata": {
		"gltf": {
			"pointers": [
				"/nodes/112"
			]
		}
	},
	"type": "TransformNode",
	"parentId": "4987ef89-0636-4e49-95d9-97234a032988",
	"localMatrix": {
		"0": 1,
		"1": 0,
		"2": 0,
		"3": 0,
		"4": 0,
		"5": 1,
		"6": 0,
		"7": 0,
		"8": 0,
		"9": 0,
		"10": 1,
		"11": 0,
		"12": 0,
		"13": 0,
		"14": 0,
		"15": 1
	},
	"isEnabled": false
}