{
	"tags": null,
	"position": [
		-7.940508842468262,
		4.016662120819092,
		1.3353369235992432
	],
	"rotation": [
		0,
		0,
		0
	],
	"rotationQuaternion": [
		4.155466371003058e-8,
		7.854818688373042e-26,
		-1.734723475976807e-18,
		1
	],
	"scaling": [
		1,
		1,
		0.9999999403953552
	],
	"billboardMode": 0,
	"scalingDeterminant": 1,
	"infiniteDistance": false,
	"ignoreNonUniformScaling": false,
	"reIntegrateRotationIntoRotationQuaternion": false,
	"name": "char:def_r_ear",
	"id": "ff3b6e39-0695-4be1-9f99-25dc91f97bfb",
	"state": "",
	"metadata": {
		"gltf": {
			"pointers": [
				"/nodes/71"
			]
		}
	},
	"type": "TransformNode",
	"parentId": "9e80df91-9414-4f64-9346-b4574af634bf",
	"localMatrix": {
		"0": 1,
		"1": 0,
		"2": 0,
		"3": 0,
		"4": 0,
		"5": 1,
		"6": 0,
		"7": 0,
		"8": 0,
		"9": 0,
		"10": 1,
		"11": 0,
		"12": 0,
		"13": 0,
		"14": 0,
		"15": 1
	},
	"isEnabled": false
}