{
	"tags": null,
	"position": [
		-6.9237494468688965,
		0.9086759686470032,
		4.117846488952637
	],
	"rotation": [
		0,
		0,
		0
	],
	"rotationQuaternion": [
		6.943689356830873e-8,
		0,
		0,
		1
	],
	"scaling": [
		1,
		1,
		0.9999999403953552
	],
	"billboardMode": 0,
	"scalingDeterminant": 1,
	"infiniteDistance": false,
	"ignoreNonUniformScaling": false,
	"reIntegrateRotationIntoRotationQuaternion": false,
	"name": "char:def_r_cheekDwnB",
	"id": "ad0e2c75-b15d-4677-a62c-ad407470a16c",
	"state": "",
	"metadata": {
		"gltf": {
			"pointers": [
				"/nodes/75"
			]
		}
	},
	"type": "TransformNode",
	"parentId": "9e80df91-9414-4f64-9346-b4574af634bf",
	"localMatrix": {
		"0": 1,
		"1": 0,
		"2": 0,
		"3": 0,
		"4": 0,
		"5": 1,
		"6": 0,
		"7": 0,
		"8": 0,
		"9": 0,
		"10": 1,
		"11": 0,
		"12": 0,
		"13": 0,
		"14": 0,
		"15": 1
	},
	"isEnabled": true
}