{
	"tags": null,
	"position": [
		7.940512657165527,
		4.016387462615967,
		1.3353354930877686
	],
	"rotation": [
		0,
		0,
		0
	],
	"rotationQuaternion": [
		4.155466371003058e-8,
		0,
		0,
		1
	],
	"scaling": [
		1,
		1,
		0.9999999403953552
	],
	"billboardMode": 0,
	"scalingDeterminant": 1,
	"infiniteDistance": false,
	"ignoreNonUniformScaling": false,
	"reIntegrateRotationIntoRotationQuaternion": false,
	"name": "char:def_l_ear",
	"id": "da13431c-86be-410e-af13-f12c011ca6a1",
	"state": "",
	"metadata": {
		"gltf": {
			"pointers": [
				"/nodes/50"
			]
		}
	},
	"type": "TransformNode",
	"parentId": "9e80df91-9414-4f64-9346-b4574af634bf",
	"localMatrix": {
		"0": 1,
		"1": 0,
		"2": 0,
		"3": 0,
		"4": 0,
		"5": 1,
		"6": 0,
		"7": 0,
		"8": 0,
		"9": 0,
		"10": 1,
		"11": 0,
		"12": 0,
		"13": 0,
		"14": 0,
		"15": 1
	},
	"isEnabled": true
}