{
	"tags": null,
	"position": [
		2.879572629928589,
		0.5640262961387634,
		10.064141273498535
	],
	"rotation": [
		0,
		0,
		0
	],
	"rotationQuaternion": [
		2.339482030322415e-8,
		0,
		0,
		1
	],
	"scaling": [
		1,
		1,
		0.9999999403953552
	],
	"billboardMode": 0,
	"scalingDeterminant": 1,
	"infiniteDistance": false,
	"ignoreNonUniformScaling": false,
	"reIntegrateRotationIntoRotationQuaternion": false,
	"name": "char:def_l_zygomaticA",
	"id": "51db00a8-452f-477d-a287-0ec71a146357",
	"state": "",
	"metadata": {
		"gltf": {
			"pointers": [
				"/nodes/53"
			]
		}
	},
	"type": "TransformNode",
	"parentId": "9e80df91-9414-4f64-9346-b4574af634bf",
	"localMatrix": {
		"0": 1,
		"1": 0,
		"2": 0,
		"3": 0,
		"4": 0,
		"5": 1,
		"6": 0,
		"7": 0,
		"8": 0,
		"9": 0,
		"10": 1,
		"11": 0,
		"12": 0,
		"13": 0,
		"14": 0,
		"15": 1
	},
	"isEnabled": false
}