{
	"tags": null,
	"position": [
		25.59930992126465,
		-0.000002861019311239943,
		7.093873364283354e-7
	],
	"rotation": [
		0,
		0,
		0
	],
	"rotationQuaternion": [
		-1.2334318455486937e-8,
		-0.31012335419654846,
		-2.0315900428613531e-7,
		0.9506963491439819
	],
	"scaling": [
		1,
		1,
		1
	],
	"billboardMode": 0,
	"scalingDeterminant": 1,
	"infiniteDistance": false,
	"ignoreNonUniformScaling": false,
	"reIntegrateRotationIntoRotationQuaternion": false,
	"name": "char:def_l_elbow",
	"id": "88ee9d64-1b86-491c-84dd-102285f6e040",
	"state": "",
	"metadata": {
		"gltf": {
			"pointers": [
				"/nodes/21"
			]
		}
	},
	"type": "TransformNode",
	"parentId": "8fd593bb-dd07-4a4e-be98-7c72a6cb10e9",
	"localMatrix": {
		"0": 1,
		"1": 0,
		"2": 0,
		"3": 0,
		"4": 0,
		"5": 1,
		"6": 0,
		"7": 0,
		"8": 0,
		"9": 0,
		"10": 1,
		"11": 0,
		"12": 0,
		"13": 0,
		"14": 0,
		"15": 1
	},
	"isEnabled": false
}