{
	"tags": null,
	"position": [
		5.041066646575928,
		8.582290649414062,
		10.330900192260742
	],
	"rotation": [
		0,
		0,
		0
	],
	"rotationQuaternion": [
		2.816319799592293e-8,
		-1.0509738482436128e-42,
		2.407412430484045e-35,
		1
	],
	"scaling": [
		1,
		1,
		0.9999999403953552
	],
	"billboardMode": 0,
	"scalingDeterminant": 1,
	"infiniteDistance": false,
	"ignoreNonUniformScaling": false,
	"reIntegrateRotationIntoRotationQuaternion": false,
	"name": "char:def_l_browB",
	"id": "031af112-93c2-4584-b9f4-ba866bf67bc5",
	"state": "",
	"metadata": {
		"gltf": {
			"pointers": [
				"/nodes/38"
			]
		}
	},
	"type": "TransformNode",
	"parentId": "9e80df91-9414-4f64-9346-b4574af634bf",
	"localMatrix": {
		"0": 1,
		"1": 0,
		"2": 0,
		"3": 0,
		"4": 0,
		"5": 1,
		"6": 0,
		"7": 0,
		"8": 0,
		"9": 0,
		"10": 1,
		"11": 0,
		"12": 0,
		"13": 0,
		"14": 0,
		"15": 1
	},
	"isEnabled": true
}