{
	"tags": null,
	"position": [
		-2.8936448097229004,
		-0.00006742377445334569,
		-0.000012874601452494971
	],
	"rotation": [
		0,
		0,
		0
	],
	"rotationQuaternion": [
		9.615181539857076e-8,
		-2.422370641852467e-7,
		-0.1273440718650818,
		0.9918586015701294
	],
	"scaling": [
		0.9999998211860657,
		0.9999998211860657,
		1
	],
	"billboardMode": 0,
	"scalingDeterminant": 1,
	"infiniteDistance": false,
	"ignoreNonUniformScaling": false,
	"reIntegrateRotationIntoRotationQuaternion": false,
	"name": "char:def_r_fngPinkyB",
	"id": "355f994e-02b6-4a1c-8462-eb0d44cccbed",
	"state": "",
	"metadata": {
		"gltf": {
			"pointers": [
				"/nodes/109"
			]
		}
	},
	"type": "TransformNode",
	"parentId": "c09b76c5-5374-48bc-a6a8-9717f824aab9",
	"localMatrix": {
		"0": 1,
		"1": 0,
		"2": 0,
		"3": 0,
		"4": 0,
		"5": 1,
		"6": 0,
		"7": 0,
		"8": 0,
		"9": 0,
		"10": 1,
		"11": 0,
		"12": 0,
		"13": 0,
		"14": 0,
		"15": 1
	},
	"isEnabled": false
}