{
	"tags": null,
	"position": [
		-45.35819625854492,
		-0.00004117209027754143,
		0.00002824561670422554
	],
	"rotation": [
		0,
		0,
		0
	],
	"rotationQuaternion": [
		-0.08898700773715973,
		-0.05116695910692215,
		0.6244834065437317,
		0.774263322353363
	],
	"scaling": [
		0.9999996423721313,
		0.9999996423721313,
		0.9999999403953552
	],
	"billboardMode": 0,
	"scalingDeterminant": 1,
	"infiniteDistance": false,
	"ignoreNonUniformScaling": false,
	"reIntegrateRotationIntoRotationQuaternion": false,
	"name": "char:def_r_ankle",
	"id": "d41998ad-58cc-404a-86a1-d698e139bf9b",
	"state": "",
	"metadata": {
		"gltf": {
			"pointers": [
				"/nodes/129"
			]
		}
	},
	"type": "TransformNode",
	"parentId": "75832dd1-d00e-4b9c-89f5-15ad3915ca7b",
	"localMatrix": {
		"0": 1,
		"1": 0,
		"2": 0,
		"3": 0,
		"4": 0,
		"5": 1,
		"6": 0,
		"7": 0,
		"8": 0,
		"9": 0,
		"10": 1,
		"11": 0,
		"12": 0,
		"13": 0,
		"14": 0,
		"15": 1
	},
	"isEnabled": true
}