{
	"tags": null,
	"position": [
		-3.6625537872314453,
		-0.0001525903498986736,
		-0.000056564778788015246
	],
	"rotation": [
		0,
		0,
		0
	],
	"rotationQuaternion": [
		-2.781026751108584e-7,
		0.000001013341261568712,
		-0.11195141822099686,
		0.9937136769294739
	],
	"scaling": [
		1,
		1,
		1.000000238418579
	],
	"billboardMode": 0,
	"scalingDeterminant": 1,
	"infiniteDistance": false,
	"ignoreNonUniformScaling": false,
	"reIntegrateRotationIntoRotationQuaternion": false,
	"name": "char:def_r_fngMidB",
	"id": "0a29e5ef-b23e-47e2-8b8c-68f4004d2b99",
	"state": "",
	"metadata": {
		"gltf": {
			"pointers": [
				"/nodes/103"
			]
		}
	},
	"type": "TransformNode",
	"parentId": "6119fa3d-25e6-4db1-8ef6-06f7dbd6f2dd",
	"localMatrix": {
		"0": 1,
		"1": 0,
		"2": 0,
		"3": 0,
		"4": 0,
		"5": 1,
		"6": 0,
		"7": 0,
		"8": 0,
		"9": 0,
		"10": 1,
		"11": 0,
		"12": 0,
		"13": 0,
		"14": 0,
		"15": 1
	},
	"isEnabled": true
}