{
	"tags": null,
	"position": [
		5.453254699707031,
		5.570615291595459,
		8.895333290100098
	],
	"rotation": [
		0,
		0,
		0
	],
	"rotationQuaternion": [
		0.11061611771583556,
		0.34295386075973505,
		-0.04070716351270675,
		0.9319279193878173
	],
	"scaling": [
		1,
		1,
		0.9999999403953552
	],
	"billboardMode": 0,
	"scalingDeterminant": 1,
	"infiniteDistance": false,
	"ignoreNonUniformScaling": false,
	"reIntegrateRotationIntoRotationQuaternion": false,
	"name": "char:def_l_lowerLid2",
	"id": "c11d5e50-87a2-4ca4-9acb-0a7969053014",
	"state": "",
	"metadata": {
		"gltf": {
			"pointers": [
				"/nodes/84"
			]
		}
	},
	"type": "TransformNode",
	"parentId": "9e80df91-9414-4f64-9346-b4574af634bf",
	"localMatrix": {
		"0": 1,
		"1": 0,
		"2": 0,
		"3": 0,
		"4": 0,
		"5": 1,
		"6": 0,
		"7": 0,
		"8": 0,
		"9": 0,
		"10": 1,
		"11": 0,
		"12": 0,
		"13": 0,
		"14": 0,
		"15": 1
	},
	"isEnabled": false
}