{
	"tags": null,
	"position": [
		5.949827194213867,
		0.11756550520658493,
		-1.4235163927078247
	],
	"rotation": [
		0,
		0,
		0
	],
	"rotationQuaternion": [
		-0.0028675063513219357,
		0.08091762661933899,
		-0.21716071665287018,
		0.9727720022201538
	],
	"scaling": [
		0.9999998807907104,
		1,
		0.9999999403953552
	],
	"billboardMode": 0,
	"scalingDeterminant": 1,
	"infiniteDistance": false,
	"ignoreNonUniformScaling": false,
	"reIntegrateRotationIntoRotationQuaternion": false,
	"name": "char:def_l_fngRingA",
	"id": "653b67be-1fa4-48ea-9844-151a8a942ea4",
	"state": "",
	"metadata": {
		"gltf": {
			"pointers": [
				"/nodes/15"
			]
		}
	},
	"type": "TransformNode",
	"parentId": "8435a91d-7d05-480f-a66c-48987b613bc7",
	"localMatrix": {
		"0": 1,
		"1": 0,
		"2": 0,
		"3": 0,
		"4": 0,
		"5": 1,
		"6": 0,
		"7": 0,
		"8": 0,
		"9": 0,
		"10": 1,
		"11": 0,
		"12": 0,
		"13": 0,
		"14": 0,
		"15": 1
	},
	"isEnabled": true
}