{
	"tags": null,
	"position": [
		-2.8795695304870605,
		0.5636753439903259,
		10.064136505126953
	],
	"rotation": [
		0,
		0,
		0
	],
	"rotationQuaternion": [
		2.339482030322415e-8,
		0,
		0,
		1
	],
	"scaling": [
		1,
		1,
		0.9999999403953552
	],
	"billboardMode": 0,
	"scalingDeterminant": 1,
	"infiniteDistance": false,
	"ignoreNonUniformScaling": false,
	"reIntegrateRotationIntoRotationQuaternion": false,
	"name": "char:def_r_zygomaticA",
	"id": "84967754-e7da-4782-8cf9-a8128886a8cf",
	"state": "",
	"metadata": {
		"gltf": {
			"pointers": [
				"/nodes/73"
			]
		}
	},
	"type": "TransformNode",
	"parentId": "9e80df91-9414-4f64-9346-b4574af634bf",
	"localMatrix": {
		"0": 1,
		"1": 0,
		"2": 0,
		"3": 0,
		"4": 0,
		"5": 1,
		"6": 0,
		"7": 0,
		"8": 0,
		"9": 0,
		"10": 1,
		"11": 0,
		"12": 0,
		"13": 0,
		"14": 0,
		"15": 1
	},
	"isEnabled": true
}