{
	"tags": null,
	"position": [
		2.3564653396606445,
		-0.8131862878799438,
		9.271828651428223
	],
	"rotation": [
		0,
		0,
		0
	],
	"rotationQuaternion": [
		2.816319799592293e-8,
		-1.382942346256036e-26,
		4.336808689942018e-19,
		1
	],
	"scaling": [
		1,
		1,
		0.9999999403953552
	],
	"billboardMode": 0,
	"scalingDeterminant": 1,
	"infiniteDistance": false,
	"ignoreNonUniformScaling": false,
	"reIntegrateRotationIntoRotationQuaternion": false,
	"name": "char:def_l_cornerLip",
	"id": "9a6538b3-b55b-4b91-b5d2-392ceb2203fe",
	"state": "",
	"metadata": {
		"gltf": {
			"pointers": [
				"/nodes/59"
			]
		}
	},
	"type": "TransformNode",
	"parentId": "9e80df91-9414-4f64-9346-b4574af634bf",
	"localMatrix": {
		"0": 1,
		"1": 0,
		"2": 0,
		"3": 0,
		"4": 0,
		"5": 1,
		"6": 0,
		"7": 0,
		"8": 0,
		"9": 0,
		"10": 1,
		"11": 0,
		"12": 0,
		"13": 0,
		"14": 0,
		"15": 1
	},
	"isEnabled": true
}