{
	"tags": null,
	"position": [
		7.678755760192871,
		7.276641845703125,
		4.37830924987793
	],
	"rotation": [
		0,
		0,
		0
	],
	"rotationQuaternion": [
		4.76079407008001e-8,
		1.541894459836247e-25,
		-1.734723475976807e-18,
		1
	],
	"scaling": [
		1,
		1,
		0.9999999403953552
	],
	"billboardMode": 0,
	"scalingDeterminant": 1,
	"infiniteDistance": false,
	"ignoreNonUniformScaling": false,
	"reIntegrateRotationIntoRotationQuaternion": false,
	"name": "char:def_l_temple",
	"id": "8585c1f2-b7ee-4a22-ba3f-9f71d30ec14c",
	"state": "",
	"metadata": {
		"gltf": {
			"pointers": [
				"/nodes/44"
			]
		}
	},
	"type": "TransformNode",
	"parentId": "9e80df91-9414-4f64-9346-b4574af634bf",
	"localMatrix": {
		"0": 1,
		"1": 0,
		"2": 0,
		"3": 0,
		"4": 0,
		"5": 1,
		"6": 0,
		"7": 0,
		"8": 0,
		"9": 0,
		"10": 1,
		"11": 0,
		"12": 0,
		"13": 0,
		"14": 0,
		"15": 1
	},
	"isEnabled": false
}