{
	"tags": null,
	"position": [
		-2.49344801902771,
		0.00006554355059051886,
		-3.5762823813456635e-7
	],
	"rotation": [
		0,
		0,
		0
	],
	"rotationQuaternion": [
		-7.272461743923486e-9,
		3.068424803132075e-7,
		-0.02088196761906147,
		0.9997819662094116
	],
	"scaling": [
		0.9999999403953552,
		0.9999999403953552,
		0.9999998807907104
	],
	"billboardMode": 0,
	"scalingDeterminant": 1,
	"infiniteDistance": false,
	"ignoreNonUniformScaling": false,
	"reIntegrateRotationIntoRotationQuaternion": false,
	"name": "char:def_r_fngRingC",
	"id": "2a3d5389-716c-4eb3-bfdc-33cf4c13182e",
	"state": "",
	"metadata": {
		"gltf": {
			"pointers": [
				"/nodes/105"
			]
		}
	},
	"type": "TransformNode",
	"parentId": "b8bb3fd1-0ee9-4eb3-bfe1-8eea6d7b7928",
	"localMatrix": {
		"0": 1,
		"1": 0,
		"2": 0,
		"3": 0,
		"4": 0,
		"5": 1,
		"6": 0,
		"7": 0,
		"8": 0,
		"9": 0,
		"10": 1,
		"11": 0,
		"12": 0,
		"13": 0,
		"14": 0,
		"15": 1
	},
	"isEnabled": true
}