{
	"tags": null,
	"position": [
		9.365560531616211,
		-10.039804458618164,
		-2.806270122528076
	],
	"rotation": [
		0,
		0,
		0
	],
	"rotationQuaternion": [
		0.5185036659240723,
		-0.45537400245666504,
		-0.45424526929855347,
		0.5634269714355469
	],
	"scaling": [
		0.9999998807907104,
		0.9999996423721313,
		0.9999998211860657
	],
	"billboardMode": 0,
	"scalingDeterminant": 1,
	"infiniteDistance": false,
	"ignoreNonUniformScaling": false,
	"reIntegrateRotationIntoRotationQuaternion": false,
	"name": "char:def_l_thigh",
	"id": "2c8ccdec-de9f-4078-87b0-b6be17cd6fe6",
	"state": "",
	"metadata": {
		"gltf": {
			"pointers": [
				"/nodes/125"
			]
		}
	},
	"type": "TransformNode",
	"parentId": "d4dada8f-2c1c-4ad0-8240-a1a3ab0a58ee",
	"localMatrix": {
		"0": 1,
		"1": 0,
		"2": 0,
		"3": 0,
		"4": 0,
		"5": 1,
		"6": 0,
		"7": 0,
		"8": 0,
		"9": 0,
		"10": 1,
		"11": 0,
		"12": 0,
		"13": 0,
		"14": 0,
		"15": 1
	},
	"isEnabled": true
}