{
	"tags": null,
	"position": [
		2.8936562538146973,
		0.000006125450454419479,
		0.000001430509428246296
	],
	"rotation": [
		0,
		0,
		0
	],
	"rotationQuaternion": [
		3.5117768248937864e-8,
		6.240737349116898e-8,
		-0.12734507024288177,
		0.9918584823608398
	],
	"scaling": [
		1,
		1,
		0.9999998807907104
	],
	"billboardMode": 0,
	"scalingDeterminant": 1,
	"infiniteDistance": false,
	"ignoreNonUniformScaling": false,
	"reIntegrateRotationIntoRotationQuaternion": false,
	"name": "char:def_l_fngPinkyB",
	"id": "9684ed02-6e4d-4c59-a893-c407f498a15f",
	"state": "",
	"metadata": {
		"gltf": {
			"pointers": [
				"/nodes/17"
			]
		}
	},
	"type": "TransformNode",
	"parentId": "2c5ec9f8-4382-4d02-b011-db31eb107fdc",
	"localMatrix": {
		"0": 1,
		"1": 0,
		"2": 0,
		"3": 0,
		"4": 0,
		"5": 1,
		"6": 0,
		"7": 0,
		"8": 0,
		"9": 0,
		"10": 1,
		"11": 0,
		"12": 0,
		"13": 0,
		"14": 0,
		"15": 1
	},
	"isEnabled": false
}