{
	"tags": null,
	"position": [
		-5.041069984436035,
		8.582672119140625,
		10.33089828491211
	],
	"rotation": [
		0,
		0,
		0
	],
	"rotationQuaternion": [
		2.339482385593783e-8,
		0,
		3.611118645726067e-35,
		1
	],
	"scaling": [
		1,
		1,
		0.9999999403953552
	],
	"billboardMode": 0,
	"scalingDeterminant": 1,
	"infiniteDistance": false,
	"ignoreNonUniformScaling": false,
	"reIntegrateRotationIntoRotationQuaternion": false,
	"name": "char:def_r_browB",
	"id": "eb158cac-2984-4213-b3ec-b85583bb5e7e",
	"state": "",
	"metadata": {
		"gltf": {
			"pointers": [
				"/nodes/61"
			]
		}
	},
	"type": "TransformNode",
	"parentId": "9e80df91-9414-4f64-9346-b4574af634bf",
	"localMatrix": {
		"0": 1,
		"1": 0,
		"2": 0,
		"3": 0,
		"4": 0,
		"5": 1,
		"6": 0,
		"7": 0,
		"8": 0,
		"9": 0,
		"10": 1,
		"11": 0,
		"12": 0,
		"13": 0,
		"14": 0,
		"15": 1
	},
	"isEnabled": false
}