{
	"tags": null,
	"position": [
		24.18021583557129,
		0.000010731858310464304,
		-0.00001704013629932888
	],
	"rotation": [
		0,
		0,
		0
	],
	"rotationQuaternion": [
		0.2062537521123886,
		0.10795128345489502,
		-0.06235688552260399,
		0.9705243706703186
	],
	"scaling": [
		1,
		1.000000238418579,
		1.000000238418579
	],
	"billboardMode": 0,
	"scalingDeterminant": 1,
	"infiniteDistance": false,
	"ignoreNonUniformScaling": false,
	"reIntegrateRotationIntoRotationQuaternion": false,
	"name": "char:def_l_wrist",
	"id": "16ca7d00-cf73-4700-961d-b4d9280aa03d",
	"state": "",
	"metadata": {
		"gltf": {
			"pointers": [
				"/nodes/20"
			]
		}
	},
	"type": "TransformNode",
	"parentId": "88ee9d64-1b86-491c-84dd-102285f6e040",
	"localMatrix": {
		"0": 1,
		"1": 0,
		"2": 0,
		"3": 0,
		"4": 0,
		"5": 1,
		"6": 0,
		"7": 0,
		"8": 0,
		"9": 0,
		"10": 1,
		"11": 0,
		"12": 0,
		"13": 0,
		"14": 0,
		"15": 1
	},
	"isEnabled": false
}