{
	"tags": null,
	"position": [
		-12.090251922607422,
		0.0002113917435053736,
		0.00016085669631138444
	],
	"rotation": [
		0,
		0,
		0
	],
	"rotationQuaternion": [
		0.10225721448659897,
		9.296768439526204e-7,
		4.0632400555296044e-7,
		0.9947580695152283
	],
	"scaling": [
		1,
		1,
		0.9999999403953552
	],
	"billboardMode": 0,
	"scalingDeterminant": 1,
	"infiniteDistance": false,
	"ignoreNonUniformScaling": false,
	"reIntegrateRotationIntoRotationQuaternion": false,
	"name": "char:def_r_forearm",
	"id": "8ab22dfc-42b3-45c0-b2d6-d596e6062a31",
	"state": "",
	"metadata": {
		"gltf": {
			"pointers": [
				"/nodes/95"
			]
		}
	},
	"type": "TransformNode",
	"parentId": "4987ef89-0636-4e49-95d9-97234a032988",
	"localMatrix": {
		"0": 1,
		"1": 0,
		"2": 0,
		"3": 0,
		"4": 0,
		"5": 1,
		"6": 0,
		"7": 0,
		"8": 0,
		"9": 0,
		"10": 1,
		"11": 0,
		"12": 0,
		"13": 0,
		"14": 0,
		"15": 1
	},
	"isEnabled": false
}