{
	"tags": null,
	"position": [
		-2.8503966331481934,
		0.00006016562110744417,
		-0.000008761857316130772
	],
	"rotation": [
		0,
		0,
		0
	],
	"rotationQuaternion": [
		1.5595995250805572e-7,
		-0.000001545949089631904,
		-0.005201005842536688,
		0.999986469745636
	],
	"scaling": [
		0.9999999403953552,
		0.9999998807907104,
		0.9999998807907104
	],
	"billboardMode": 0,
	"scalingDeterminant": 1,
	"infiniteDistance": false,
	"ignoreNonUniformScaling": false,
	"reIntegrateRotationIntoRotationQuaternion": false,
	"name": "char:def_r_fngMidC",
	"id": "37e45bce-04c8-4973-8281-f5c670d26668",
	"state": "",
	"metadata": {
		"gltf": {
			"pointers": [
				"/nodes/102"
			]
		}
	},
	"type": "TransformNode",
	"parentId": "0a29e5ef-b23e-47e2-8b8c-68f4004d2b99",
	"localMatrix": {
		"0": 1,
		"1": 0,
		"2": 0,
		"3": 0,
		"4": 0,
		"5": 1,
		"6": 0,
		"7": 0,
		"8": 0,
		"9": 0,
		"10": 1,
		"11": 0,
		"12": 0,
		"13": 0,
		"14": 0,
		"15": 1
	},
	"isEnabled": true
}