{
	"tags": null,
	"position": [
		3.7366108894348145,
		6.208251953125,
		6.878835678100586
	],
	"rotation": [
		0,
		0,
		0
	],
	"rotationQuaternion": [
		4.760794780622746e-8,
		-4.4524480456080094e-26,
		8.673617379884035e-19,
		1
	],
	"scaling": [
		1,
		1,
		0.9999999403953552
	],
	"billboardMode": 0,
	"scalingDeterminant": 1,
	"infiniteDistance": false,
	"ignoreNonUniformScaling": false,
	"reIntegrateRotationIntoRotationQuaternion": false,
	"name": "char:def_l_eye",
	"id": "42ae5175-151a-4e6c-a60c-4fa2b2bbc966",
	"state": "",
	"metadata": {
		"gltf": {
			"pointers": [
				"/nodes/24"
			]
		}
	},
	"type": "TransformNode",
	"parentId": "9e80df91-9414-4f64-9346-b4574af634bf",
	"localMatrix": {
		"0": 1,
		"1": 0,
		"2": 0,
		"3": 0,
		"4": 0,
		"5": 1,
		"6": 0,
		"7": 0,
		"8": 0,
		"9": 0,
		"10": 1,
		"11": 0,
		"12": 0,
		"13": 0,
		"14": 0,
		"15": 1
	},
	"isEnabled": false
}