{
	"tags": null,
	"position": [
		3.6747019290924072,
		-0.8961026072502136,
		8.97320556640625
	],
	"rotation": [
		0,
		0,
		0
	],
	"rotationQuaternion": [
		2.339482030322415e-8,
		0,
		0,
		1
	],
	"scaling": [
		1,
		1,
		0.9999999403953552
	],
	"billboardMode": 0,
	"scalingDeterminant": 1,
	"infiniteDistance": false,
	"ignoreNonUniformScaling": false,
	"reIntegrateRotationIntoRotationQuaternion": false,
	"name": "char:def_l_zygomaticB",
	"id": "45f8f2f9-8512-4b88-8edc-7c80a7b94b44",
	"state": "",
	"metadata": {
		"gltf": {
			"pointers": [
				"/nodes/79"
			]
		}
	},
	"type": "TransformNode",
	"parentId": "9e80df91-9414-4f64-9346-b4574af634bf",
	"localMatrix": {
		"0": 1,
		"1": 0,
		"2": 0,
		"3": 0,
		"4": 0,
		"5": 1,
		"6": 0,
		"7": 0,
		"8": 0,
		"9": 0,
		"10": 1,
		"11": 0,
		"12": 0,
		"13": 0,
		"14": 0,
		"15": 1
	},
	"isEnabled": false
}