{
	"tags": null,
	"position": [
		-2.5882210731506348,
		0.0000293323664664058,
		-0.000015497207641601562
	],
	"rotation": [
		0,
		0,
		0
	],
	"rotationQuaternion": [
		-9.584100979509458e-8,
		-2.6679572329157963e-8,
		0.012170612812042236,
		0.999925971031189
	],
	"scaling": [
		1.0000001192092896,
		0.9999997019767761,
		0.9999998807907104
	],
	"billboardMode": 0,
	"scalingDeterminant": 1,
	"infiniteDistance": false,
	"ignoreNonUniformScaling": false,
	"reIntegrateRotationIntoRotationQuaternion": false,
	"name": "char:def_r_fngIndexC",
	"id": "18a1d8dd-2c87-4b8b-8f64-b775f709c021",
	"state": "",
	"metadata": {
		"gltf": {
			"pointers": [
				"/nodes/99"
			]
		}
	},
	"type": "TransformNode",
	"parentId": "73ace281-933f-4ea9-9b9d-481ff5e444be",
	"localMatrix": {
		"0": 1,
		"1": 0,
		"2": 0,
		"3": 0,
		"4": 0,
		"5": 1,
		"6": 0,
		"7": 0,
		"8": 0,
		"9": 0,
		"10": 1,
		"11": 0,
		"12": 0,
		"13": 0,
		"14": 0,
		"15": 1
	},
	"isEnabled": true
}