{
	"tags": null,
	"position": [
		-5.950160026550293,
		-0.11724541336297989,
		1.4236273765563965
	],
	"rotation": [
		0,
		0,
		0
	],
	"rotationQuaternion": [
		-0.00286746839992702,
		0.0809171199798584,
		-0.21716170012950897,
		0.9727718234062195
	],
	"scaling": [
		0.9999997019767761,
		0.9999999403953552,
		0.9999998807907104
	],
	"billboardMode": 0,
	"scalingDeterminant": 1,
	"infiniteDistance": false,
	"ignoreNonUniformScaling": false,
	"reIntegrateRotationIntoRotationQuaternion": false,
	"name": "char:def_r_fngRingA",
	"id": "eb38adeb-d21e-44e5-b642-e68ee60ec432",
	"state": "",
	"metadata": {
		"gltf": {
			"pointers": [
				"/nodes/107"
			]
		}
	},
	"type": "TransformNode",
	"parentId": "f88ff975-33bb-4189-a9e3-33a41bad5f03",
	"localMatrix": {
		"0": 1,
		"1": 0,
		"2": 0,
		"3": 0,
		"4": 0,
		"5": 1,
		"6": 0,
		"7": 0,
		"8": 0,
		"9": 0,
		"10": 1,
		"11": 0,
		"12": 0,
		"13": 0,
		"14": 0,
		"15": 1
	},
	"isEnabled": true
}