{
	"tags": null,
	"position": [
		2.493415355682373,
		0.000004146646460867487,
		0.0000023841851088945987
	],
	"rotation": [
		0,
		0,
		0
	],
	"rotationQuaternion": [
		-7.351415831635677e-8,
		7.529663292871192e-8,
		-0.020882202312350273,
		0.9997819662094116
	],
	"scaling": [
		1,
		0.9999999403953552,
		1
	],
	"billboardMode": 0,
	"scalingDeterminant": 1,
	"infiniteDistance": false,
	"ignoreNonUniformScaling": false,
	"reIntegrateRotationIntoRotationQuaternion": false,
	"name": "char:def_l_fngRingC",
	"id": "bfc16c98-b014-438a-9a79-0402eca0589b",
	"state": "",
	"metadata": {
		"gltf": {
			"pointers": [
				"/nodes/13"
			]
		}
	},
	"type": "TransformNode",
	"parentId": "e4a26bd9-905d-4d3c-a0e9-e9ac65b3af7b",
	"localMatrix": {
		"0": 1,
		"1": 0,
		"2": 0,
		"3": 0,
		"4": 0,
		"5": 1,
		"6": 0,
		"7": 0,
		"8": 0,
		"9": 0,
		"10": 1,
		"11": 0,
		"12": 0,
		"13": 0,
		"14": 0,
		"15": 1
	},
	"isEnabled": false
}