{
	"tags": null,
	"position": [
		-3.77905535697937,
		-0.000014939130778657272,
		-0.000017240652596228756
	],
	"rotation": [
		0,
		0,
		0
	],
	"rotationQuaternion": [
		6.017427836013667e-7,
		-4.304906440211198e-7,
		-0.22101843357086182,
		0.975269615650177
	],
	"scaling": [
		1,
		1.000000238418579,
		1.0000003576278687
	],
	"billboardMode": 0,
	"scalingDeterminant": 1,
	"infiniteDistance": false,
	"ignoreNonUniformScaling": false,
	"reIntegrateRotationIntoRotationQuaternion": false,
	"name": "char:def_r_fngThumbB",
	"id": "4fa314f3-a185-4e66-b846-c9fdda447d0b",
	"state": "",
	"metadata": {
		"gltf": {
			"pointers": [
				"/nodes/97"
			]
		}
	},
	"type": "TransformNode",
	"parentId": "94cb016e-6d48-42d9-956e-923eef17903c",
	"localMatrix": {
		"0": 1,
		"1": 0,
		"2": 0,
		"3": 0,
		"4": 0,
		"5": 1,
		"6": 0,
		"7": 0,
		"8": 0,
		"9": 0,
		"10": 1,
		"11": 0,
		"12": 0,
		"13": 0,
		"14": 0,
		"15": 1
	},
	"isEnabled": true
}