{
	"tags": null,
	"position": [
		0.995222270488739,
		1.9921574592590332,
		11.14235782623291
	],
	"rotation": [
		0,
		0,
		0
	],
	"rotationQuaternion": [
		7.658942990929063e-8,
		0,
		0,
		1
	],
	"scaling": [
		1,
		1,
		0.9999999403953552
	],
	"billboardMode": 0,
	"scalingDeterminant": 1,
	"infiniteDistance": false,
	"ignoreNonUniformScaling": false,
	"reIntegrateRotationIntoRotationQuaternion": false,
	"name": "char:def_l_nostril",
	"id": "e352c21d-0b75-4b30-80c4-bd1df7564f7b",
	"state": "",
	"metadata": {
		"gltf": {
			"pointers": [
				"/nodes/45"
			]
		}
	},
	"type": "TransformNode",
	"parentId": "9e80df91-9414-4f64-9346-b4574af634bf",
	"localMatrix": {
		"0": 1,
		"1": 0,
		"2": 0,
		"3": 0,
		"4": 0,
		"5": 1,
		"6": 0,
		"7": 0,
		"8": 0,
		"9": 0,
		"10": 1,
		"11": 0,
		"12": 0,
		"13": 0,
		"14": 0,
		"15": 1
	},
	"isEnabled": true
}