{
	"tags": null,
	"position": [
		1.4167284965515137,
		-0.8486546874046326,
		2.2632503509521484
	],
	"rotation": [
		0,
		0,
		0
	],
	"rotationQuaternion": [
		0.5632964372634888,
		-0.4092816710472107,
		0.0401693619787693,
		0.7166394591331482
	],
	"scaling": [
		0.9999998807907104,
		0.9999998807907104,
		1
	],
	"billboardMode": 0,
	"scalingDeterminant": 1,
	"infiniteDistance": false,
	"ignoreNonUniformScaling": false,
	"reIntegrateRotationIntoRotationQuaternion": false,
	"name": "char:def_l_fngThumbA",
	"id": "1f609cd8-dcf9-4b21-be09-f5852a7a23c8",
	"state": "",
	"metadata": {
		"gltf": {
			"pointers": [
				"/nodes/6"
			]
		}
	},
	"type": "TransformNode",
	"parentId": "16ca7d00-cf73-4700-961d-b4d9280aa03d",
	"localMatrix": {
		"0": 1,
		"1": 0,
		"2": 0,
		"3": 0,
		"4": 0,
		"5": 1,
		"6": 0,
		"7": 0,
		"8": 0,
		"9": 0,
		"10": 1,
		"11": 0,
		"12": 0,
		"13": 0,
		"14": 0,
		"15": 1
	},
	"isEnabled": true
}