{
	"tags": null,
	"position": [
		3.6317708492279053,
		2.027618885040283,
		10.009112358093262
	],
	"rotation": [
		0,
		0,
		0
	],
	"rotationQuaternion": [
		3.293156680683751e-8,
		0,
		0,
		1
	],
	"scaling": [
		1,
		1,
		0.9999999403953552
	],
	"billboardMode": 0,
	"scalingDeterminant": 1,
	"infiniteDistance": false,
	"ignoreNonUniformScaling": false,
	"reIntegrateRotationIntoRotationQuaternion": false,
	"name": "char:def_l_cheekUpA",
	"id": "357edbe7-5bf1-46fc-b338-15a4fce68e05",
	"state": "",
	"metadata": {
		"gltf": {
			"pointers": [
				"/nodes/47"
			]
		}
	},
	"type": "TransformNode",
	"parentId": "9e80df91-9414-4f64-9346-b4574af634bf",
	"localMatrix": {
		"0": 1,
		"1": 0,
		"2": 0,
		"3": 0,
		"4": 0,
		"5": 1,
		"6": 0,
		"7": 0,
		"8": 0,
		"9": 0,
		"10": 1,
		"11": 0,
		"12": 0,
		"13": 0,
		"14": 0,
		"15": 1
	},
	"isEnabled": false
}