{
	"tags": null,
	"position": [
		12.79965591430664,
		-0.00002527236210880801,
		-0.0000042915326048387215
	],
	"rotation": [
		0,
		0,
		0
	],
	"rotationQuaternion": [
		-6.146729703004894e-8,
		-1.2665987014770508e-7,
		-4.852190613746643e-7,
		1
	],
	"scaling": [
		1,
		0.9999999403953552,
		1
	],
	"billboardMode": 0,
	"scalingDeterminant": 1,
	"infiniteDistance": false,
	"ignoreNonUniformScaling": false,
	"reIntegrateRotationIntoRotationQuaternion": false,
	"name": "char:def_l_shoulderMid",
	"id": "efec2966-de70-4005-bf1a-cbe9baeb6c7c",
	"state": "",
	"metadata": {
		"gltf": {
			"pointers": [
				"/nodes/1"
			]
		}
	},
	"type": "TransformNode",
	"parentId": "8fd593bb-dd07-4a4e-be98-7c72a6cb10e9",
	"localMatrix": {
		"0": 1,
		"1": 0,
		"2": 0,
		"3": 0,
		"4": 0,
		"5": 1,
		"6": 0,
		"7": 0,
		"8": 0,
		"9": 0,
		"10": 1,
		"11": 0,
		"12": 0,
		"13": 0,
		"14": 0,
		"15": 1
	},
	"isEnabled": false
}