{
	"tags": null,
	"position": [
		7.996592998504639,
		0.0672847181558609,
		3.0342812538146973
	],
	"rotation": [
		0,
		0,
		0
	],
	"rotationQuaternion": [
		0.09404705464839935,
		-0.050976745784282684,
		-0.2240132838487625,
		0.9686973690986633
	],
	"scaling": [
		0.9999998807907104,
		0.9999999403953552,
		1
	],
	"billboardMode": 0,
	"scalingDeterminant": 1,
	"infiniteDistance": false,
	"ignoreNonUniformScaling": false,
	"reIntegrateRotationIntoRotationQuaternion": false,
	"name": "char:def_l_fngIndexA",
	"id": "0748285e-f0ae-4389-9aed-0aa02db5bf37",
	"state": "",
	"metadata": {
		"gltf": {
			"pointers": [
				"/nodes/9"
			]
		}
	},
	"type": "TransformNode",
	"parentId": "16ca7d00-cf73-4700-961d-b4d9280aa03d",
	"localMatrix": {
		"0": 1,
		"1": 0,
		"2": 0,
		"3": 0,
		"4": 0,
		"5": 1,
		"6": 0,
		"7": 0,
		"8": 0,
		"9": 0,
		"10": 1,
		"11": 0,
		"12": 0,
		"13": 0,
		"14": 0,
		"15": 1
	},
	"isEnabled": false
}