{
	"tags": null,
	"position": [
		-1.158270001411438,
		-0.6713098287582397,
		11.28892707824707
	],
	"rotation": [
		0,
		0,
		0
	],
	"rotationQuaternion": [
		2.339482385593783e-8,
		0,
		0,
		1
	],
	"scaling": [
		1,
		1,
		0.9999999403953552
	],
	"billboardMode": 0,
	"scalingDeterminant": 1,
	"infiniteDistance": false,
	"ignoreNonUniformScaling": false,
	"reIntegrateRotationIntoRotationQuaternion": false,
	"name": "char:def_r_upLipA",
	"id": "4c173607-4324-4bfd-957b-cc07db05c02d",
	"state": "",
	"metadata": {
		"gltf": {
			"pointers": [
				"/nodes/76"
			]
		}
	},
	"type": "TransformNode",
	"parentId": "9e80df91-9414-4f64-9346-b4574af634bf",
	"localMatrix": {
		"0": 1,
		"1": 0,
		"2": 0,
		"3": 0,
		"4": 0,
		"5": 1,
		"6": 0,
		"7": 0,
		"8": 0,
		"9": 0,
		"10": 1,
		"11": 0,
		"12": 0,
		"13": 0,
		"14": 0,
		"15": 1
	},
	"isEnabled": false
}