{
	"tags": null,
	"position": [
		-2.1331000328063965,
		4.292664051055908,
		9.77785587310791
	],
	"rotation": [
		0,
		0,
		0
	],
	"rotationQuaternion": [
		1.1547891887175865e-7,
		-3.1529215447308384e-42,
		2.407412430484045e-35,
		1
	],
	"scaling": [
		1,
		1,
		0.9999999403953552
	],
	"billboardMode": 0,
	"scalingDeterminant": 1,
	"infiniteDistance": false,
	"ignoreNonUniformScaling": false,
	"reIntegrateRotationIntoRotationQuaternion": false,
	"name": "char:def_r_underEyeA",
	"id": "fe781895-ed91-4564-937d-d0fdfa5e7519",
	"state": "",
	"metadata": {
		"gltf": {
			"pointers": [
				"/nodes/63"
			]
		}
	},
	"type": "TransformNode",
	"parentId": "9e80df91-9414-4f64-9346-b4574af634bf",
	"localMatrix": {
		"0": 1,
		"1": 0,
		"2": 0,
		"3": 0,
		"4": 0,
		"5": 1,
		"6": 0,
		"7": 0,
		"8": 0,
		"9": 0,
		"10": 1,
		"11": 0,
		"12": 0,
		"13": 0,
		"14": 0,
		"15": 1
	},
	"isEnabled": true
}