{
	"tags": null,
	"position": [
		2.8222851753234863,
		6.291326999664307,
		9.572683334350586
	],
	"rotation": [
		0,
		0,
		0
	],
	"rotationQuaternion": [
		-0.01439453288912773,
		-0.16285982728004453,
		-0.002376291202381253,
		0.9865413904190062
	],
	"scaling": [
		0.9999999403953552,
		1,
		0.9999999403953552
	],
	"billboardMode": 0,
	"scalingDeterminant": 1,
	"infiniteDistance": false,
	"ignoreNonUniformScaling": false,
	"reIntegrateRotationIntoRotationQuaternion": false,
	"name": "char:def_l_upperLid1",
	"id": "094a83ab-aad4-4da0-ac69-be709b153006",
	"state": "",
	"metadata": {
		"gltf": {
			"pointers": [
				"/nodes/81"
			]
		}
	},
	"type": "TransformNode",
	"parentId": "9e80df91-9414-4f64-9346-b4574af634bf",
	"localMatrix": {
		"0": 1,
		"1": 0,
		"2": 0,
		"3": 0,
		"4": 0,
		"5": 1,
		"6": 0,
		"7": 0,
		"8": 0,
		"9": 0,
		"10": 1,
		"11": 0,
		"12": 0,
		"13": 0,
		"14": 0,
		"15": 1
	},
	"isEnabled": true
}